{"initial_reset_timestamp": 1657046250.4875221, "timestamps": [1657046257.241481], "episode_lengths": [1925], "episode_rewards": [19.0], "episode_types": ["t"]}