{"initial_reset_timestamp": 1657043075.9340172, "timestamps": [1657043084.5055902], "episode_lengths": [2502], "episode_rewards": [-13.0], "episode_types": ["t"]}