{"initial_reset_timestamp": 1657044002.8355095, "timestamps": [1657044006.8795934], "episode_lengths": [1124], "episode_rewards": [-20.0], "episode_types": ["t"]}