{"initial_reset_timestamp": 1657044121.0015862, "timestamps": [1657044132.1241405], "episode_lengths": [3228], "episode_rewards": [-19.0], "episode_types": ["t"]}