{"initial_reset_timestamp": 1656989824.4733238, "timestamps": [1656989827.783741], "episode_lengths": [762], "episode_rewards": [-21.0], "episode_types": ["t"]}