{"initial_reset_timestamp": 1657044636.1333869, "timestamps": [1657044644.3198056], "episode_lengths": [2344], "episode_rewards": [14.0], "episode_types": ["t"]}