{"initial_reset_timestamp": 1657048369.840206, "timestamps": [1657048375.6987948], "episode_lengths": [1635], "episode_rewards": [21.0], "episode_types": ["t"]}