{"initial_reset_timestamp": 1657048363.099153, "timestamps": [1657048369.4615993], "episode_lengths": [1831], "episode_rewards": [20.0], "episode_types": ["t"]}