{"initial_reset_timestamp": 1657048623.2326784, "timestamps": [1657048629.216297], "episode_lengths": [1658], "episode_rewards": [21.0], "episode_types": ["t"]}