{"initial_reset_timestamp": 1657295668.7640276, "timestamps": [1657295674.9873734], "episode_lengths": [1719], "episode_rewards": [20.0], "episode_types": ["t"]}