{"initial_reset_timestamp": 1657044626.4906142, "timestamps": [1657044635.7805822], "episode_lengths": [2723], "episode_rewards": [10.0], "episode_types": ["t"]}