{"initial_reset_timestamp": 1657046239.374394, "timestamps": [1657046250.1387165], "episode_lengths": [3285], "episode_rewards": [4.0], "episode_types": ["t"]}