{"initial_reset_timestamp": 1657046505.865785, "timestamps": [1657046512.328229], "episode_lengths": [1735], "episode_rewards": [20.0], "episode_types": ["t"]}