{"initial_reset_timestamp": 1656989820.6363192, "timestamps": [1656989824.0822082], "episode_lengths": [762], "episode_rewards": [-21.0], "episode_types": ["t"]}