{"initial_reset_timestamp": 1657295661.7978482, "timestamps": [1657295668.3561873], "episode_lengths": [1671], "episode_rewards": [20.0], "episode_types": ["t"]}