{"initial_reset_timestamp": 1657046940.9450977, "timestamps": [1657046947.3626406], "episode_lengths": [1642], "episode_rewards": [21.0], "episode_types": ["t"]}