{"initial_reset_timestamp": 1657296004.9145093, "timestamps": [1657296011.2659993], "episode_lengths": [1671], "episode_rewards": [20.0], "episode_types": ["t"]}