{"initial_reset_timestamp": 1657043996.9534576, "timestamps": [1657044002.466028], "episode_lengths": [1588], "episode_rewards": [-19.0], "episode_types": ["t"]}