{"initial_reset_timestamp": 1657046845.4392114, "timestamps": [1657046851.4409575], "episode_lengths": [1630], "episode_rewards": [21.0], "episode_types": ["t"]}