{"initial_reset_timestamp": 1657043066.059571, "timestamps": [1657043075.5947049], "episode_lengths": [2836], "episode_rewards": [-21.0], "episode_types": ["t"]}