{"initial_reset_timestamp": 1657044113.9460173, "timestamps": [1657044120.5891082], "episode_lengths": [1836], "episode_rewards": [-20.0], "episode_types": ["t"]}