{"initial_reset_timestamp": 1657048616.686895, "timestamps": [1657048622.8411007], "episode_lengths": [1732], "episode_rewards": [20.0], "episode_types": ["t"]}