{"initial_reset_timestamp": 1657296011.6970417, "timestamps": [1657296018.118755], "episode_lengths": [1833], "episode_rewards": [19.0], "episode_types": ["t"]}