{"initial_reset_timestamp": 1657046492.0100968, "timestamps": [1657046505.4589002], "episode_lengths": [4140], "episode_rewards": [1.0], "episode_types": ["t"]}